{
  "todos": [
    {
      "id": "32e33252-bc64-49c3-a4d6-23ded89b8b4e",
      "text": "test",
      "completed": false,
      "category": "",
      "description": ""
    },
    {
      "id": "a1030f77-285b-4803-90e3-decba0679aa9",
      "text": "test",
      "completed": false,
      "category": "Personal",
      "description": ""
    },
    {
      "id": "c1fe37fd-1af2-498c-baf5-907c2fa66585",
      "text": "coding",
      "completed": false,
      "category": "Shopping",
      "description": ""
    },
    {
      "id": "115dcbd4-29b2-4ef5-b950-13cc6a70e5b9",
      "text": "hola",
      "completed": false,
      "category": "Work",
      "description": ""
    }
  ],
  "categories": [
    {
      "name": "Work",
      "color": "#f59e0b",
      "id": "ff50"
    },
    {
      "name": "Personal",
      "color": "#ef4444",
      "id": "38ab"
    },
    {
      "name": "Shopping",
      "color": "#3b82f6",
      "id": "e87c"
    },
    {
      "name": "Health",
      "color": "#10b981",
      "id": "9b87"
    },
    {
      "name": "Learning",
      "color": "#8b5cf6",
      "id": "b0a8"
    }
  ]
}